Height,Weight,Size,Distance,,
158,58,M,18,4.242640687,
158,59,M,13,3.605551275,
158,63,M,13,3.605551275,
160,59,M,5,2.236067977,3
160,60,M,2,1.414213562,1
163,60,M,5,2.236067977,3
163,61,M,4,2,2
160,64,L,10,3.16227766,5
163,64,L,13,3.605551275,
165,61,L,16,4,
165,62,L,17,4.123105626,
165,65,L,32,5.656854249,
168,62,L,50,7.071067812,
168,63,L,53,7.280109889,
168,66,L,74,8.602325267,
170,63,L,85,9.219544457,
170,64,L,90,9.486832981,
170,68,L,130,11.40175425,
